iteration,exploitability
0,0.45833333333333326
1,0.26388888888888884
2,0.14131701631701638
3,0.10014430014430015
4,0.07334452949594789
5,0.0504587006585685
6,0.0451092005701374
7,0.027794111052289877
8,0.030346712859882302
9,0.032687090668344826
10,0.028900152549858893
11,0.019660333904406857
12,0.01933435361819713
13,0.017230440608545783
14,0.012328293961454379
15,0.009371620356748822
16,0.01054166321105049
17,0.012278635793780357
18,0.012493840204806927
19,0.01010897736639546
20,0.008622417523705572
21,0.00830189210404525
22,0.006662477561636043
23,0.00588472555875405
24,0.0034105495197463143
25,0.004248351747594248
26,0.005921419521695337
27,0.0065874982854277064
28,0.005352775994143105
29,0.005357787593172708
30,0.0050795192348555285
31,0.00427820583133906
32,0.004035658991099728
33,0.0033827505776845845
34,0.0026585274439460127
35,0.003379002086386751
36,0.0038466715850467015
37,0.004187497343361046
38,0.0035828390901542495
39,0.003845147947187988
40,0.003826818645870339
41,0.0031465481125831085
42,0.002941472411998519
43,0.0029767234639203333
44,0.0019457960523197315
45,0.0022011630203354893
46,0.002787792854353127
47,0.003389671362280189
48,0.002931173385349012
49,0.0027972506046415047
50,0.003000893013410305
51,0.0025922486902888175
52,0.002737237164336326
53,0.002644851628048034
54,0.0021186533758768
55,0.0012726416064204604
56,0.0015126977696180433
57,0.0023713534431925587
58,0.002549360456068378
59,0.002392856793020537
60,0.002152462445117298
61,0.002261289279349099
62,0.0021166361254143506
63,0.001980344682616847
64,0.0020233404765501173
65,0.0018067254945056954
66,0.0010134808905307158
67,0.0009698987757267019
68,0.001615531295368705
69,0.0019822154835076877
70,0.001964652893710367
71,0.0015773693898377128
72,0.0018291036662950455
73,0.001769194308200328
74,0.001418248599704519
75,0.0015734485260607556
76,0.0016987933206201178
77,0.0012680542934208894
78,0.0008523585659786503
79,0.0011161364603192725
80,0.001485357448303276
81,0.0017092942180042814
82,0.0014606189587701157
83,0.0014561432645849859
84,0.0016528295558332906
85,0.001562581125225393
86,0.0012212132135019926
87,0.0013866502392230473
88,0.001476843662553684
89,0.0011112071533417311
90,0.0006397580985475215
91,0.0009596566760226855
92,0.0013898420079445917
93,0.0015617856710485878
94,0.0013126287155641736
95,0.0012800070694225507
96,0.0014413590628294115
97,0.0013638575225677352
98,0.001264054065008513
99,0.0011944041011116846
100,0.001270120188048951
101,0.0010289596701184012
102,0.0006267156310733879
103,0.0006017139321100318
104,0.0010187553548407502
105,0.0012309351009219538
106,0.0012626243160675787
107,0.0010502893275283476
108,0.0011399001756548788
109,0.0011923045669427201
110,0.0010703393323983623
111,0.0008619496259088255
112,0.0010321502161590723
113,0.0010689269228268128
114,0.0008026044515687392
115,0.0004847356026718985
116,0.0006120636645724209
117,0.0008621102653451895
118,0.0010572953124035056
119,0.0010063747073452978
120,0.0008501111271183026
121,0.001045626528658028
122,0.001112752203105638
123,0.0010159170262043493
124,0.0007986082845918008
125,0.0009379724533080669
126,0.0009789308369703431
127,0.0007617847345533224
128,0.0004122853531988435
129,0.0005874520544176254
130,0.0008376832869378681
131,0.001039978881271858
132,0.0009956835479682513
133,0.0007754342646652257
134,0.0009615505751099096
135,0.0010223056969626276
136,0.0009358977256836432
137,0.0008646328868874842
138,0.0008176403038070157
139,0.0008681769216840052
140,0.0007305890076781119
141,0.00045455462627438936
142,0.0003047339747743183
143,0.0006089064308727188
144,0.0008082646409655891
145,0.0008821147825234243
146,0.0008120317535592614
147,0.0007392961970431045
148,0.0008505061781976242
149,0.0008630463165291702
150,0.0007703043481502303
151,0.0006027275341285165
152,0.0007175687041496848
153,0.0007602147235916679
154,0.0006058279942057487
155,0.0003348913782605656
156,0.00040947546168912385
157,0.000561712957385524
158,0.0007402070865202837
159,0.0007908708378522866
160,0.0006638899153294797
161,0.0007121874013606422
162,0.000830418988856968
163,0.00084446138161412
164,0.0007479878832796216
165,0.0006151890216818112
166,0.0007008249507190201
167,0.0007195796841926727
168,0.0005602324445294349
169,0.00029878666202526327
170,0.0003258573861213421
171,0.0005606899450413261
172,0.0007273089703269953
173,0.000738926019295788
174,0.000658090602170841
175,0.0006523836145203854
176,0.0007408551774040484
177,0.0007458420863911963
178,0.0006659530937521418
179,0.0005903222181499745
180,0.0005531636077958924
181,0.0006228455438361813
182,0.0005372233727059528
183,0.00032456844581624233
184,0.00018501226381820168
185,0.00036998586727532423
186,0.0005408607736040738
187,0.0006185430441164319
188,0.0005847830832093615
189,0.0004977322162678932
190,0.0006248297724529006
191,0.0006963426245034376
192,0.0006907245861932643
193,0.0006082448377229543
194,0.00047710836978157034
195,0.0005712612112475091
196,0.0005877807333135032
197,0.0004624575297324518
198,0.0002438687833166142
199,0.0002949604835149333
200,0.0004369426327578141
201,0.0006017715644922872
202,0.0006453360505618011
203,0.0005539801901765506
204,0.0005428235783771496
205,0.0006395647690065898
206,0.0006679455792194533
207,0.0006209975849773841
208,0.0005569344678147403
209,0.0004927266201205927
210,0.000520105389710479
211,0.0005023840985635408
212,0.00036983604050555563
213,0.0001637805819827698
214,0.00020097803483898335
215,0.0003793337663769436
216,0.0005046919176971698
217,0.0005495278717380925
218,0.0004953435118753569
219,0.0004599073384945751
220,0.0005518432169520915
221,0.0005979143077777249
222,0.0005850307345863781
223,0.0005155063071876353
224,0.00041694200423647576
225,0.00047221266837194076
226,0.0004942051497642541
227,0.0004005413820985515
228,0.00022964498081456952
229,0.0002200266991279065
230,0.000343457878302339
231,0.00048116137271853043
232,0.000549923294783039
233,0.0005112119710637408
234,0.0004341940951132217
235,0.0005358160110854604
236,0.0005873999106649763
237,0.0005765163268684759
238,0.0005067510931997254
239,0.00046801961546558135
240,0.0004295071023875108
241,0.00045349643342704193
242,0.0003952521930918329
243,0.00025773489209582334
244,0.00010922792910975088
245,0.00022776610840902212
246,0.00036424165634915684
247,0.0004542447658218707
248,0.0004759487419535302
249,0.0004142601901654108
250,0.00041854042838856964
251,0.0004917334189944167
252,0.0005267418782708977
253,0.0005142462190480812
254,0.0004562746910637683
255,0.0003708179649300203
256,0.0003967258950028085
257,0.00042683070767951525
258,0.0003609167749348552
259,0.00022404700556641344
260,0.0001609688303044754
261,0.0002746981767031975
262,0.0003874223788976894
263,0.0004691433814733581
264,0.00046457699566979094
265,0.00036977702471790996
266,0.00044390946724198743
267,0.0005071289084196962
268,0.0005218782144768563
269,0.000485375232029045
270,0.00042867300206680947
271,0.0003858369203545986
272,0.0003803449493161859
273,0.00038095663147305614
274,0.0003041856834943568
275,0.00016946266558784395
276,9.007667528176944e-05
277,0.00022613208319810507
278,0.00033822315010420545
279,0.00040437630847348083
280,0.00040576257788790815
281,0.00033954446853373677
282,0.00038016944979962775
283,0.0004437871056916509
284,0.0004747353812044053
285,0.0004650976192395184
286,0.0004159335649147611
287,0.0003363144528943651
288,0.000342071817678008
289,0.00037726354883504953
290,0.00032962230748673216
291,0.00021971919509328197
292,0.00010787407187690112
293,0.00021533951914998184
294,0.0003208123198760737
295,0.00040452830719325816
296,0.0004168101643961253
297,0.00035306235509688366
298,0.0003692626181842351
299,0.0004334009028058583
300,0.0004615227976765002
301,0.0004486708853494725
302,0.00039876404367175655
303,0.00035708595657418796
304,0.00029634770872427607
305,0.00033339566900827955
306,0.00031198254264447334
307,0.0002282794228858076
308,9.612826045610201e-05
309,0.00011036196981392687
310,0.0002283177165340322
311,0.00031194466432923895
312,0.00034977047331299915
313,0.00033553592422033707
314,0.00027786369283383516
315,0.0003541477303035945
316,0.00041196459941122976
317,0.0004390891157400323
318,0.0004286176229414407
319,0.00038165568991119225
320,0.00030674382904349873
321,0.0003079731882281722
322,0.0003371956953737709
323,0.0002977624742042384
324,0.00020008349927122526
325,8.47112963374419e-05
326,0.00015784892468884149
327,0.0002731181933987581
328,0.0003471275647807526
329,0.000362159597537437
330,0.0003359599216840037
331,0.0003079187408606132
332,0.00036627692020330116
333,0.00040000196871900484
334,0.0004039055014954107
335,0.00037790490005290556
336,0.00032749791597661004
337,0.0002618700682208708
338,0.0002720500911528312
339,0.00029238609842932584
340,0.0002551748589397218
341,0.00016726116405493818
342,7.681541848927886e-05
343,0.00015961488226862164
344,0.00021694489138981976
345,0.0002938701130587029
346,0.00032845024810995715
347,0.00031100055315336217
348,0.00029670820339036674
349,0.0003473100223874426
350,0.0003944589850961022
351,0.0004096460415372316
352,0.0003891714453617967
353,0.0003371238267899923
354,0.0003005567578881485
355,0.0002906310895361419
356,0.00029641980452352334
357,0.00025335277835922265
358,0.00016965761181206296
359,6.859900227820792e-05
360,0.00012848728092343387
361,0.0002252457559995813
362,0.0002840311727006217
363,0.0003146616583203643
364,0.00030816900910080047
365,0.0002536808007336522
366,0.000307943933007343
367,0.00034762747677377637
368,0.00036623445656364106
369,0.00035997230401810243
370,0.0003293916185281298
371,0.00027907542386959583
372,0.00023551996587062307
373,0.0002690084947013227
374,0.000261826921948316
375,0.00020256192705628284
376,0.00011282384422756087
377,0.00010627728034692807
378,0.0001799639426943167
379,0.00025597153039647047
380,0.00030887484837907597
381,0.00031226384667387697
382,0.0002633699563884817
383,0.0002916088861039112
384,0.00034131604569059837
385,0.0003663481066553398
386,0.0003627865261241481
387,0.0003322564473817735
388,0.0002946142046132971
389,0.00025612816043668607
390,0.00023801539008624917
391,0.0002469786005085406
392,0.00020977272233993483
393,0.00013357763629887054
394,3.148229198293717e-05
395,0.00010659513260660725
396,0.00018867195659866276
397,0.00024453568407806214
398,0.00026745311760859036
399,0.0002542154932980156
400,0.00022182796129271987
401,0.00027733660686679595
402,0.0003237931320411169
403,0.00035018383380183704
404,0.0003507570488398837
405,0.00032447941797864033
406,0.00027542125959509334
407,0.00023628965708419325
408,0.0002542178480147983
409,0.0002506231800928904
410,0.00020142018514807125
411,0.00011824593499742964
412,5.5945419731501245e-05
413,0.00013446420276774784
414,0.0002160685131303297
415,0.00026239701772046153
416,0.0002691322341889235
417,0.0002640430330911048
418,0.00023545238777095134
419,0.00027983425809191553
420,0.00031028600269200624
421,0.00032284132600912674
422,0.0003156544500179381
423,0.00028983983864261376
424,0.0002491852199320299
425,0.00020408487884188142
426,0.00021937878348965434
427,0.00022387001703499942
428,0.00018674173792676552
429,0.00011497659601539256
430,7.378161267437844e-05
431,0.00012820908425376087
432,0.00018312618139942893
433,0.0002445934383605297
434,0.0002703190960995083
435,0.0002545222533637259
436,0.00022841709255347342
437,0.00027801646802458335
438,0.0003148046820199979
439,0.0003292563417048866
440,0.00031927765472042346
441,0.0002873998555129875
442,0.0002574182752896059
443,0.0002238419992178775
444,0.0002117445391472128
445,0.00021078521641493264
446,0.00017317392858529068
447,0.00010436607946953669
448,1.6218151571462114e-05
449,9.238325931049118e-05
450,0.00016421597602889193
451,0.00021387402020084378
452,0.00023550985217463127
453,0.00022628726941989474
454,0.00018832476298755174
455,0.00023780272375456546
456,0.0002794484670927133
457,0.00030643737785909786
458,0.0003134829916787707
459,0.00029848059376760827
460,0.0002632086845620607
461,0.00021288623769893933
462,0.00020833653976223832
463,0.00022335617818017295
464,0.00019911273496114879
465,0.0001399602910052422
466,7.107355493829459e-05
467,7.073975386531761e-05
468,0.0001490915164481521
469,0.0002071705772987431
470,0.00023379653457480942
471,0.00023808019301521655
472,0.00022176759772715715
473,0.0002205113669847547
474,0.0002560225802756555
475,0.00027959701354601796
476,0.00028833904288877443
477,0.00028098069323578834
478,0.00025843070004735735
479,0.00022352039981582417
480,0.000184038280065274
481,0.00019032427779930305
482,0.00019593360581132702
483,0.00016616502997657268
484,0.00010852753884765809
485,5.455046544836084e-05
486,0.00010382970541228387
487,0.00015150049255518994
488,0.00020924938248376157
489,0.0002372367338474568
490,0.00023032199173350643
491,0.00019111645713965064
492,0.0002358032264894172
493,0.00027148606974908285
494,0.00029012950286860795
495,0.00028934140957778687
496,0.00027003335635641945
497,0.0002364899396177511
498,0.00021073364429080588
499,0.00017269684974360877
500,0.00018409943257977068
501,0.00017287742290628128
502,0.00013239575487353217
503,6.778788955183468e-05
504,3.2558168011398436e-05
505,9.894543434973979e-05
506,0.00015317062681396987
507,0.0001883290411170413
508,0.0002035700975787369
509,0.00019729050900632594
510,0.000184696638780818
511,0.0002234726977163315
512,0.0002579212610437087
513,0.00028077907019377624
514,0.0002853962207481908
515,0.00027043936064122254
516,0.00023804021604767467
517,0.00020509768125895333
518,0.00018689601615998197
519,0.00019547513574472153
520,0.0001740872812665828
521,0.0001270627690156123
522,7.131461873929879e-05
523,3.718924762693976e-05
524,0.00010851536040965004
525,0.0001609470980050709
526,0.00019074926233073053
527,0.0002106503881976196
528,0.0002023788116422287
529,0.0001756777994597336
530,0.00021088546780620443
531,0.0002394057347548384
532,0.00025770798320023935
533,0.0002629093955527073
534,0.00025365495804147153
535,0.00023052868604436783
536,0.00019588102490072923
537,0.0001553049746285673
538,0.00017806747831783376
539,0.00017339189497622698
540,0.00014077725928648976
541,8.498804686238315e-05
542,4.821263549811827e-05
543,9.640351627349109e-05
544,0.00015355893657020836
545,0.00019599563963526578
546,0.00021024251482179568
547,0.00019448387362383524
548,0.00017443012816134584
549,0.00021137481634078692
550,0.00023856192542465182
551,0.00025325501701153885
552,0.00025422318133791477
553,0.00024192307110235123
554,0.00021840520863333768
555,0.00018680121449710096
556,0.00015058740657689085
557,0.00015644843302942135
558,0.00015893186022172823
559,0.00013496591366055077
560,8.697947702701603e-05
561,3.565569482558151e-05
562,8.042900097932071e-05
563,0.00011574765033464662
564,0.00015974853596684158
565,0.0001906484814893361
566,0.00019655388295927723
567,0.000174890295282365
568,0.00018856473089584602
569,0.000225101055514626
570,0.00024992073565494044
571,0.00025935069668714394
572,0.0002521815329217525
573,0.0002299988006737308
574,0.00020329155867856996
575,0.00018171423916743534
576,0.00015653641231527793
577,0.0001578067299409791
578,0.00013969930782659068
579,9.87621758003765e-05
580,3.9837775904549844e-05
581,3.189254073215908e-05
582,9.065776043692964e-05
583,0.00013728071164870181
584,0.00016712533715568245
585,0.00017716960878041976
586,0.00016636712330594938
587,0.00015248970806580608
588,0.00018901664064380208
589,0.00022031326634064374
590,0.0002418491559776914
591,0.0002499261441452627
592,0.00024267759518092902
593,0.00022065311756111483
594,0.0001867717335118091
595,0.00016842508179212845
596,0.00016636851472076608
597,0.00016156800671737748
598,0.00013116547080824215
599,8.385169814259519e-05
600,3.4014881167721e-05
601,5.9692458411031435e-05
602,0.00011445271140511637
603,0.00015154538444661636
604,0.00017231614543269935
605,0.0001821203084688694
606,0.0001683076389630278
607,0.00016350659460948047
608,0.00019186275927232654
609,0.0002143232015434926
610,0.00022831521346142192
611,0.00023175018346116572
612,0.0002236211943197619
613,0.00020429393974460974
614,0.00017544332594229828
615,0.00013985096161250876
616,0.0001503923201646995
617,0.000149792619620448
618,0.00012663356022338257
619,8.254636688195816e-05
620,3.927306660075902e-05
621,7.137105603272076e-05
622,0.00011847410918056078
623,0.00015984150203057768
624,0.00017889724484776437
625,0.00017361128357779032
626,0.0001605474001647733
627,0.00017240242669266936
628,0.00019895302575775875
629,0.00021674296806914461
630,0.00022436338118098087
631,0.0002214057793669677
632,0.00020853523622615944
633,0.00018736931346394203
634,0.00016011379281913318
635,0.00013194549068548667
636,0.0001365290202088032
637,0.00013525709208667136
638,0.00011190061769086879
639,7.102024058189271e-05
640,3.6322767510366116e-05
641,6.94125491961517e-05
642,0.00010288159664442742
643,0.00014305110524112652
644,0.00016897997687739807
645,0.00017300387066976342
646,0.00015348683768701132
647,0.00016557930940175325
648,0.0001964302302923937
649,0.00021783368637892653
650,0.00022720192905412162
651,0.0002237173506784429
652,0.00020845235074420931
653,0.0001840072314648611
654,0.00016273206190450806
655,0.00013569854155348615
656,0.00013142698466861447
657,0.0001280319548838671
658,0.00010480370412441209
659,6.443051807558664e-05
660,1.6639304316917736e-05
661,4.970203690543573e-05
662,9.190482950638401e-05
663,0.0001243743499742267
664,0.0001456881155244838
665,0.00015467626515966448
666,0.000145372677341854
667,0.00015248182685489997
668,0.0001781101076479552
669,0.00020432259005595532
670,0.00022067215394702688
671,0.0002245484491481542
672,0.0002151857173864069
673,0.00019391962775422433
674,0.0001686452807090344
675,0.00015415217829573002
676,0.00013989573733558247
677,0.00013356453285262582
678,0.00011205351890511417
679,7.604684416565033e-05
680,2.919365461417911e-05
681,3.287810392860191e-05
682,7.883445557646529e-05
683,0.000116518768027013
684,0.00014393145969615606
685,0.00015450582689174874
686,0.00014693992901712583
687,0.00012900878573729457
688,0.00015732688083927582
689,0.00018264454184441226
690,0.00020197460613630147
691,0.00021248914481197811
692,0.00021218848423987247
693,0.000200436013333527
694,0.00017819038414684796
695,0.00014791664305308094
696,0.00013531568231084368
697,0.00014030946630885777
698,0.00013006984141514244
699,9.972573905542292e-05
700,5.872154192151924e-05
701,3.089009050896707e-05
702,6.282826617240445e-05
703,0.00010631028792923436
704,0.00013431275775174778
705,0.00014728384699544406
706,0.0001540777091861567
707,0.0001416998431514327
708,0.00014455426425419304
709,0.00016729939776063962
710,0.00018535333825658862
711,0.00019703434715076518
712,0.00020087924063044715
713,0.00019602282566796858
714,0.00018244420810847872
715,0.00016100831325221998
716,0.00013341352016979502
717,0.00011929693164008937
718,0.00012733319884189465
719,0.00011660351842926464
720,8.807405294378179e-05
721,4.365672319989189e-05
722,4.07282511540874e-05
723,7.337194308679185e-05
724,0.00011645011373570546
725,0.00014337021141042072
726,0.00015136879286917204
727,0.00014413302667007355
728,0.00013125168081234984
729,0.0001555036616100458
730,0.00017579024956526634
731,0.00018919714503437546
732,0.00019488565524752866
733,0.00019260511712859696
734,0.0001827400060503137
735,0.00016626028001223703
736,0.00014454084245899002
737,0.00011986847574554926
738,0.00011452556346783216
739,0.00011597639703311846
740,0.00010055855796167745
741,7.138673553688801e-05
742,3.908937827354353e-05
743,4.6927041195743424e-05
744,7.780322072534207e-05
745,0.00011187710113563787
746,0.00013922388491025006
747,0.0001491136683175187
748,0.0001398527921969428
749,0.00013043415431751582
750,0.00015795242134830634
751,0.000179287689589247
752,0.00019232227398446877
753,0.00019601348581801958
754,0.0001904809631469162
755,0.0001768811965139061
756,0.00015710222234904814
757,0.00013335769666997233
758,0.00010870834399112628
759,0.00010899670166594766
760,0.00010736137727768158
761,8.969738199232635e-05
762,5.752378800244484e-05
763,2.5759327749202976e-05
764,4.503483018353238e-05
765,7.25285678634946e-05
766,0.00010085068409035336
767,0.00012636449650405002
768,0.00013784258686988515
769,0.00013303342351395075
770,0.00012842517606637127
771,0.0001508847527920132
772,0.0001743526164731668
773,0.0001900894903243966
774,0.00019612919887954106
775,0.0001918518619979659
776,0.0001781093682231838
777,0.0001569737502733204
778,0.00014132856182741405
779,0.00012107503512745477
780,0.00010997884211980113
781,0.00010536413440201398
782,8.623382656938738e-05
783,5.378505044636994e-05
784,1.3608853316332548e-05
785,3.056983443652794e-05
786,6.883635118748455e-05
787,9.890101352372227e-05
788,0.0001183539700562175
789,0.0001256467127009886
790,0.0001213145702128604
791,0.00011424485293667908
792,0.00013945877475138313
793,0.0001621609616676567
794,0.0001803982874770682
795,0.00019051742586670417
796,0.00019088973622724548
797,0.00018121596960637976
798,0.00016265340986801324
799,0.00014121445469184035
800,0.00012946152527210097
801,0.00011639834259927206
802,0.00011068747386394628
803,9.110949591278894e-05
804,6.176377371544528e-05
805,2.4884989007128988e-05
806,2.194988395348707e-05
807,6.0297889774407754e-05
808,9.106829223512469e-05
809,0.00011596770091754083
810,0.00012800619197494978
811,0.0001258592649523993
812,0.0001097575732839362
813,0.0001261246661325155
814,0.0001480088161494031
815,0.00016643758210485582
816,0.00017915663166961915
817,0.00018421547078670275
818,0.00018042630584411135
819,0.00016769216978942958
820,0.00014712828951440882
821,0.00012523307493392255
822,0.00011589018328672651
823,0.00011632588096063823
824,0.00010436576275030252
825,7.717560262435197e-05
826,4.5735910272820535e-05
827,2.4979091971660816e-05
828,5.020070748001926e-05
829,8.450601824297466e-05
830,0.0001069826727307377
831,0.0001224830743760119
832,0.00012898183721898882
833,0.00012041855881197994
834,0.00011683839981899147
835,0.00013646356744284605
836,0.0001535079564024544
837,0.00016652556254939666
838,0.00017400254494379097
839,0.00017468224846503566
840,0.00016787469477441697
841,0.0001536551291463628
842,0.00013295981944863589
843,0.00010870273786164897
844,0.00010797431688383541
845,0.00010932815591926937
846,9.450595747603763e-05
847,6.490218989735341e-05
848,3.685360970864804e-05
849,3.118766314225141e-05
850,6.6969035128428e-05
851,9.84488707491682e-05
852,0.00011658692825711192
853,0.00012166356067688788
854,0.00012450998624230492
855,0.00011248201527314095
856,0.00012708060659713527
857,0.00014380224267043773
858,0.00015672117073425862
859,0.00016500350993889357
860,0.00016787223258757367
861,0.00016478558307600477
862,0.00015559273125415052
863,0.00014060696991896604
864,0.00012064661373359375
865,9.709446824110457e-05
866,0.00010016014788530314
867,9.862334183419197e-05
868,8.315907264588862e-05
869,5.412990950695584e-05
870,3.249390560552956e-05
871,4.384925155523356e-05
872,7.39887015286933e-05
873,0.00010385104137922152
874,0.00012016103438852732
875,0.0001215055764578199
876,0.00011712746518569017
877,0.0001140982600857654
878,0.00013347750597544894
879,0.00014864891151084025
880,0.00015886407379425704
881,0.00016368417960699322
882,0.00016292927770669707
883,0.00015670455241406644
884,0.00014541211448423907
885,0.00012970998298514336
886,0.00011047503313324492
887,9.205494597752661e-05
888,9.447737584197813e-05
889,8.848591168031383e-05
890,7.175041105741964e-05
891,4.47909594575302e-05
892,3.0010023365889538e-05
893,4.822538095222706e-05
894,7.350609804551711e-05
895,0.00010236696527701761
896,0.00011862277181143299
897,0.00012040184466646786
898,0.000108944380570547
899,0.00011554607999769706
900,0.0001355459661404046
901,0.00015072984066827333
902,0.00016009827264024112
903,0.00016324937151654395
904,0.000160308824321026
905,0.00015184419693006768
906,0.00013875046327924134
907,0.0001221023978801028
908,0.00010302621600255524
909,8.817894778717639e-05
910,8.942971695918844e-05
911,8.199377910700356e-05
912,6.203672270385652e-05
913,3.7050864471255274e-05
914,2.6765145193979878e-05
915,4.519535506683492e-05
916,6.82107560842915e-05
917,9.595423570182837e-05
918,0.00011282622777616935
919,0.00011665543852185101
920,0.00010659137917273798
921,0.00011189689870075292
922,0.00013287395470357177
923,0.00014925694225903507
924,0.0001595887195192658
925,0.00016312708250257324
926,0.00015989095871410397
927,0.00015057913377955479
928,0.0001363875762512845
929,0.00011877143150093583
930,9.92196185689298e-05
931,8.212105237412337e-05
932,8.639372006977175e-05
933,7.851492703489504e-05
934,5.9179790314362046e-05
935,3.2172839343674875e-05
936,2.1130595209473135e-05
937,4.115588269704151e-05
938,6.0775920040473386e-05
939,8.696339153671517e-05
940,0.00010419939731690087
941,0.00011037361284879643
942,0.00010424685113513688
943,0.00010468439539093599
944,0.00012570942474460223
945,0.00014364515381376508
946,0.00015611127597869867
947,0.00016183564429828046
948,0.0001603511432907434
949,0.00015205719631974923
950,0.000138098136738235
951,0.00012010469804740742
952,0.00010573347008793754
953,8.859220416310154e-05
954,8.538484032530325e-05
955,7.846326108779111e-05
956,6.045692845788042e-05
957,3.29200229532145e-05
958,1.573319587613864e-05
959,2.885636448771156e-05
960,5.68382402640899e-05
961,7.897961676683884e-05
962,9.464289685343075e-05
963,0.00010259574911411495
964,0.00010018929292154866
965,9.567182384023765e-05
966,0.00011515737467845955
967,0.0001341266850165279
968,0.0001489012014188884
969,0.00015778451992110032
970,0.00015968873491259417
971,0.0001543698970937757
972,0.0001424887348542847
973,0.00012546969925295026
974,0.00011236568592964957
975,9.830558968176861e-05
976,8.796541973501992e-05
977,8.098970029887798e-05
978,6.56016975715823e-05
979,4.048330157069291e-05
980,1.4229340962068626e-05
981,1.6366961460512197e-05
982,4.706223961498113e-05
983,7.238743143328508e-05
984,9.032363020669565e-05
985,9.94321723849223e-05
986,9.898687303983023e-05
987,8.906066718947225e-05
988,0.0001028224446919801
989,0.00012179243926821459
990,0.00013815343534787083
991,0.0001500964752411127
992,0.00015608443414266704
993,0.00015517354807953465
994,0.00014724977102115178
995,0.00013309920994228341
996,0.00011460159856957475
997,0.00010587000793654822
998,9.243437864611681e-05
999,8.736532252084928e-05
1000,7.392183286356047e-05
1001,5.177636213737902e-05
1002,2.623404614690572e-05
1003,1.572072068209418e-05
1004,3.370019327944562e-05
1005,5.932259249624705e-05
1006,8.205715438422412e-05
1007,9.630914204086793e-05
1008,0.00010075359528749495
1009,9.502275624134748e-05
1010,9.021623006927326e-05
1011,0.0001081523356498415
1012,0.00012492241769859747
1013,0.0001389601951956032
1014,0.0001486321392318024
1015,0.0001525369456842618
1016,0.0001498152343472614
1017,0.00014038464968063602
1018,0.00012503778182448855
1019,0.00010817119245828954
1020,0.00010059391201985846
1021,9.093130881654421e-05
1022,8.487002519499964e-05
1023,6.758024443898059e-05
1024,4.494360891252325e-05
1025,2.3749942474310393e-05
1026,2.0480065467815e-05
1027,4.6357688790993334e-05
1028,6.808605695482473e-05
1029,8.724509322019514e-05
1030,9.872349303566286e-05
1031,9.978186668091471e-05
1032,9.032301315026192e-05
1033,9.456609872671162e-05
1034,0.00011065460520498505
1035,0.0001254468647681195
1036,0.00013758725490639612
1037,0.0001456094438811728
1038,0.0001482186829197818
1039,0.00014458300751607478
1040,0.00013456914428577882
1041,0.00011887921356593112
1042,0.00010253823891276381
1043,9.642090422859462e-05
1044,9.028069573863151e-05
1045,8.22045930510551e-05
1046,6.274888414284363e-05
1047,4.090252316718557e-05
1048,2.5261969771789294e-05
1049,2.689342558270802e-05
1050,5.405317388632036e-05
1051,7.310048885950104e-05
1052,8.913641105601222e-05
1053,9.89766484389143e-05
1054,9.806851406876649e-05
1055,8.644258103920888e-05
1056,9.661111084943719e-05
1057,0.00011102371310919845
1058,0.00012414068988775284
1059,0.00013482208923681904
1060,0.0001417648280405137
1061,0.00014376039895364068
1062,0.00013996485168518702
1063,0.0001301344054257525
1064,0.00011480118103501802
1065,9.747829722756007e-05
1066,9.30423144168413e-05
1067,8.883263885967052e-05
1068,8.036647031955946e-05
1069,6.032032937927645e-05
1070,3.873409245688797e-05
1071,2.7631594933796855e-05
1072,3.1465936792374194e-05
1073,5.7764431795448434e-05
1074,7.53700893415532e-05
1075,8.852837793993373e-05
1076,9.79566481403571e-05
1077,9.654364215289091e-05
1078,8.426663485114338e-05
1079,9.688790661957492e-05
1080,0.00010986402990043054
1081,0.00012160509489153593
1082,0.0001313226498362574
1083,0.00013790493311222063
1084,0.0001394347680740704
1085,0.00013608063310785457
1086,0.00012706880402515996
1087,0.00011269972188798771
1088,9.409073335034379e-05
1089,9.000766537686777e-05
1090,8.694207839948787e-05
1091,7.9671077417659e-05
1092,6.056689511374502e-05
1093,3.9813916076297806e-05
1094,3.065395797657855e-05
1095,3.1584278965796075e-05
1096,5.806207243791439e-05
1097,7.559384613667341e-05
1098,8.577552820196455e-05
1099,9.598748731062812e-05
1100,9.550871013280782e-05
1101,8.406356800258474e-05
1102,9.584324112790754e-05
1103,0.00010765955958425
1104,0.0001182892215474407
1105,0.00012707168561934545
1106,0.0001347254550093102
1107,0.00013527509871810728
1108,0.00013279714677744137
1109,0.00012510967515128035
1110,0.00011224762680211997
1111,9.499723899372703e-05
1112,8.67931899355967e-05
1113,8.435761887973237e-05
1114,7.978916526685254e-05
1115,6.317420800408535e-05
1116,4.1096408725432854e-05
1117,3.39216391307684e-05
1118,2.884175922676646e-05
1119,5.501819431646959e-05
1120,7.386492150709967e-05
1121,8.282837281467503e-05
1122,9.286503074376617e-05
1123,9.466252000353559e-05
1124,8.551477465235102e-05
1125,9.377223728423978e-05
1126,0.00010476248570914781
1127,0.0001145302460252573
1128,0.000122687080263445
1129,0.00012980681323596088
1130,0.00013218016155910894
1131,0.0001298475662801779
1132,0.00012383008109792537
1133,0.00011293064875489423
1134,9.755492869290006e-05
1135,8.296098600674151e-05
1136,8.058921994166801e-05
1137,7.979914244765629e-05
1138,6.722331909306267e-05
1139,4.49564119886503e-05
1140,3.671971899407711e-05
1141,2.844196021034584e-05
1142,4.8232200913739254e-05
1143,6.965601125499821e-05
1144,8.127918937614331e-05
1145,8.79829627591644e-05
1146,9.317072849648889e-05
1147,8.772024696271363e-05
1148,9.074167264966349e-05
1149,0.00010135198974073334
1150,0.00011056109171544981
1151,0.00011825331769788061
1152,0.0001240066610547208
1153,0.00012880762563627357
1154,0.00012696532336253785
1155,0.00012275494970209744
1156,0.00011411413339879051
1157,0.00010108255025972901
1158,8.436033671602172e-05
1159,7.79496329338103e-05
1160,7.834085605443186e-05
1161,7.119730929122658e-05
1162,5.2829741677223874e-05
1163,3.804592226558379e-05
1164,3.266936381507435e-05
1165,3.701433137007215e-05
1166,6.19192868692442e-05
1167,7.761134949754722e-05
1168,8.313745785934468e-05
1169,8.984158593350333e-05
1170,8.925148744967637e-05
1171,8.649517889522396e-05
1172,9.733289629770825e-05
1173,0.00010644044973195932
1174,0.00011391527632337306
1175,0.0001196285737753433
1176,0.00012318520718110348
1177,0.00012478380071789807
1178,0.0001215169294172258
1179,0.00011518536778915012
1180,0.00010478846677100528
1181,9.056335225751666e-05
1182,7.403147557494272e-05
1183,7.399345824182779e-05
1184,7.316412006355688e-05
1185,6.128907474253764e-05
1186,4.454148519919543e-05
1187,3.495220946292399e-05
1188,2.9314051833234656e-05
1189,4.9391863698289296e-05
1190,7.009661526272137e-05
1191,8.111518114400917e-05
1192,8.347776976602717e-05
1193,8.83812356569369e-05
1194,8.339523227635093e-05
1195,9.220035607238053e-05
1196,0.00010188914583378339
1197,0.00010961783444696227
1198,0.00011549436934904511
1199,0.00011941709986995619
1200,0.00012106806009504201
1201,0.00012000192666286602
1202,0.00011575774402952654
1203,0.00010797918217805846
1204,9.657002212284937e-05
1205,8.189104534822578e-05
1206,6.948410729037957e-05
1207,7.1306801420562e-05
1208,6.683819842437377e-05
1209,5.248233517216039e-05
1210,3.901408500442405e-05
1211,3.215830304434397e-05
1212,3.241307828613649e-05
1213,5.695198010657876e-05
1214,7.439679096155061e-05
1215,8.202488094521954e-05
1216,8.358021305382435e-05
1217,8.526274553583013e-05
1218,8.501129995547307e-05
1219,9.610727158579357e-05
1220,0.00010485922589262286
1221,0.00011141672507358757
1222,0.0001159088155317789
1223,0.00011829605574528723
1224,0.00011836936823544919
1225,0.00011582086115166645
1226,0.00011032978336622534
1227,0.00010166332323058302
1228,8.982021453668443e-05
1229,7.521439285818055e-05
1230,6.494784528701669e-05
1231,6.741890298145314e-05
1232,6.071817252464862e-05
1233,4.791366904227656e-05
1234,3.5347670557350774e-05
1235,2.966520271036055e-05
1236,3.713096032079144e-05
1237,6.0809919798898715e-05
1238,7.60835769470225e-05
1239,8.163435833974386e-05
1240,8.206703081428679e-05
1241,8.167266049699529e-05
1242,8.780999841248582e-05
1243,9.848840677828541e-05
1244,0.00010660020892130917
1245,0.00011227653778325686
1246,0.00011567238476883901
1247,0.00011682867767706662
1248,0.0001156593961602892
1249,0.00011199849479237578
1250,0.00010566089461291894
1251,9.652264338991245e-05
1252,8.464621340256717e-05
1253,7.089679777333435e-05
1254,6.241576928903148e-05
1255,6.331430328801457e-05
1256,5.555728292919171e-05
1257,4.4472084012842084e-05
1258,3.314897173029019e-05
1259,2.7313068548917574e-05
1260,3.944441383393893e-05
1261,6.178940384002352e-05
1262,7.595893929443487e-05
1263,8.066625121294635e-05
1264,7.976964041048196e-05
1265,7.832296836265962e-05
1266,8.890533568503556e-05
1267,9.949515629159578e-05
1268,0.0001073347337834929
1269,0.00011250188354966495
1270,0.00011516426315349992
1271,0.00011544017211545521
1272,0.00011336472225134675
1273,0.00010891086039435671
1274,0.00010202609506992921
1275,9.268973292658744e-05
1276,8.101389264539294e-05
1277,6.837816595633983e-05
1278,5.964254775386868e-05
1279,5.95924077222143e-05
1280,5.166895962024909e-05
1281,4.1835917977434134e-05
1282,3.192345294703025e-05
1283,2.5769129644109823e-05
1284,3.880455257240789e-05
1285,6.040823283226526e-05
1286,7.440569905473038e-05
1287,7.93559412911593e-05
1288,7.720385853823841e-05
1289,7.554672765078263e-05
1290,8.830365399006834e-05
1291,9.914184197737375e-05
1292,0.00010712229093340353
1293,0.00011222357161960739
1294,0.00011459019345172461
1295,0.00011439170371232987
1296,0.00011176530546685992
1297,0.00010681079941057825
1298,9.960376319689823e-05
1299,9.022821385776258e-05
1300,7.88490004576814e-05
1301,6.699839682547393e-05
1302,5.767481203231006e-05
1303,5.6596853879681275e-05
1304,4.911359747095112e-05
1305,3.971636081379071e-05
1306,3.1203017039876935e-05
1307,2.3503543606279154e-05
1308,3.761828322218497e-05
1309,5.695242033693093e-05
1310,7.150114197704283e-05
1311,7.757972577740468e-05
1312,7.467581634695852e-05
1313,7.342217684053187e-05
1314,8.59541290121335e-05
1315,9.73248902142454e-05
1316,0.00010585535013396541
1317,0.00011137458038851245
1318,0.00011394875143702632
1319,0.00011374924849777424
1320,0.00011097647679808587
1321,0.00010583076624887111
1322,9.850348853776558e-05
1323,8.918518390593766e-05
1324,7.810725884407899e-05
1325,6.642677162599364e-05
1326,5.6041689855429455e-05
1327,5.451843089990249e-05
1328,4.7851541842558465e-05
1329,3.799612645075112e-05
1330,3.0670687791334306e-05
1331,2.230819636581116e-05
1332,3.441871680279207e-05
1333,5.157653662821171e-05
1334,6.715333727061457e-05
1335,7.500178095326548e-05
1336,7.435914068262828e-05
1337,7.187397005883889e-05
1338,8.181491298675514e-05
1339,9.388119637090964e-05
1340,0.0001032953950967086
1341,0.00010969867212068385
1342,0.00011301659099693939
1343,0.00011335444323656851
1344,0.00011091565934123748
1345,0.00010595520853548535
1346,9.875224137403937e-05
1347,8.959612069572853e-05
1348,7.87981345452271e-05
1349,6.673955898109374e-05
1350,5.595722849330298e-05
1351,5.369326644369399e-05
1352,4.7818582293690515e-05
1353,3.681962957505225e-05
1354,3.0270124792036723e-05
1355,2.2956459945489005e-05
1356,2.892351171146501e-05
1357,4.438154417649165e-05
1358,6.121963148630893e-05
1359,7.121505261467598e-05
1360,7.337588165876041e-05
1361,7.071892349294617e-05
1362,7.593061675303936e-05
1363,8.867703970233398e-05
1364,9.915381711980698e-05
1365,0.00010680647621136297
1366,0.00011137156454937847
1367,0.00011281568067311731
1368,0.00011126841746797456
1369,0.00010697165520553997
1370,0.00010024165869498836
1371,9.14388934882826e-05
1372,8.095395190227395e-05
1373,6.922199263034723e-05
1374,5.7053175639365517e-05
1375,5.3786921635518015e-05
1376,4.889975326849427e-05
1377,3.897480360087746e-05
1378,3.026320643820246e-05
1379,2.352502043104221e-05
1380,2.3484062258244398e-05
1381,3.544228591895182e-05
1382,5.3576036234681546e-05
1383,6.58469455659394e-05
1384,7.109203933267083e-05
1385,6.964911413717689e-05
1386,6.849339721601289e-05
1387,8.170229994042266e-05
1388,9.320325473169411e-05
1389,0.00010228015556357217
1390,0.00010846858282989591
1391,0.00011154247352768154
1392,0.00011147940890202102
1393,0.00010842445475697793
1394,0.00010265582012494723
1395,9.454948706583144e-05
1396,8.454827472414994e-05
1397,7.314776298519843e-05
1398,6.090490689056316e-05
1399,5.344666980419688e-05
1400,5.0812268438393815e-05
1401,4.2868942770835083e-05
1402,3.1192389774781226e-05
1403,2.4436588927118086e-05
1404,1.7944738267605675e-05
1405,2.6714356984841592e-05
1406,4.412541504547618e-05
1407,5.860726580902975e-05
1408,6.697387367729513e-05
1409,6.847727260170244e-05
1410,6.7444126068128e-05
1411,7.313867272237817e-05
1412,8.538775322863845e-05
1413,9.580675304102226e-05
1414,0.00010376711627005375
1415,0.00010883947453052545
1416,0.00011079581839254504
1417,0.0001096032165192884
1418,0.00010541075555170476
1419,9.852586437125721e-05
1420,8.938174222902773e-05
1421,7.850626924554849e-05
1422,6.650276120820364e-05
1423,5.623098054974296e-05
1424,5.294836478728082e-05
1425,4.738729135037034e-05
1426,3.6553415773105113e-05
1427,2.6385247122950872e-05
1428,1.9462561814342916e-05
1429,1.8438693956873697e-05
1430,3.2759248374286676e-05
1431,4.927564966464293e-05
1432,6.0617634572185386e-05
1433,6.589034350887313e-05
1434,6.771460385646133e-05
1435,6.419616714092857e-05
1436,7.589745244607204e-05
1437,8.730391313893637e-05
1438,9.688659397730226e-05
1439,0.00010405776050007032
1440,0.00010838131432241993
1441,0.0001095973944041928
1442,0.00010764247283021056
1443,0.00010265562541253437
1444,9.496525562396885e-05
1445,8.506051293225014e-05
1446,7.355766634201122e-05
1447,6.257538429957354e-05
1448,5.481004013924151e-05
1449,5.175434450860328e-05
1450,4.3811601314475146e-05
1451,3.081472538837837e-05
1452,2.226761636794916e-05
1453,1.5330577782940447e-05
1454,2.0216417229740324e-05
1455,3.765061636432088e-05
1456,5.1723177027812595e-05
1457,6.091598578172874e-05
1458,6.633648721493524e-05
1459,6.637976805368151e-05
1460,6.518652243217571e-05
1461,7.700098323037974e-05
1462,8.774904903760539e-05
1463,9.677581589265238e-05
1464,0.00010349688750191377
1465,0.00010743713474253846
1466,0.00010827934873405831
1467,0.00010590901889104276
1468,0.00010043981080068431
1469,9.221264776645977e-05
1470,8.177152975299973e-05
1471,6.982324117624228e-05
1472,6.217682327319674e-05
1473,5.4683281547063256e-05
1474,5.043941944424257e-05
1475,4.0716677609853313e-05
1476,2.72275154318824e-05
1477,1.8869213587791034e-05
1478,1.1968017583519064e-05
1479,2.352546474476691e-05
1480,4.003612740499651e-05
1481,5.3125751620142214e-05
1482,6.219326800024905e-05
1483,6.624242954703097e-05
1484,6.476595063290014e-05
1485,6.545186408965509e-05
1486,7.666701994937797e-05
1487,8.696294898155599e-05
1488,9.571534161353923e-05
1489,0.0001023149993251149
1490,0.00010622250615363593
1491,0.00010704044488329956
1492,0.00010458247939248988
1493,9.892004134345878e-05
1494,9.039652657241715e-05
1495,7.960753072996929e-05
1496,6.950412876033374e-05
1497,6.266013115163727e-05
1498,5.488617088933445e-05
1499,4.943427472775541e-05
1500,3.849967393149134e-05
1501,2.5036466156036496e-05
1502,1.6199737820105087e-05
1503,1.1078983201434633e-05
1504,2.530243096812712e-05
1505,4.123458758953369e-05
1506,5.4095938752773964e-05
1507,6.24990523029334e-05
1508,6.567387645697864e-05
1509,6.325634484885545e-05
1510,6.434642894440068e-05
1511,7.50732747236138e-05
1512,8.511042466646801e-05
1513,9.384529882888737e-05
1514,0.0001006251304266903
1515,0.00010482737688230492
1516,0.00010595409810668088
1517,0.00010372573329936463
1518,9.815195093482165e-05
1519,8.956436015924996e-05
1520,7.860195582637397e-05
1521,7.058738079510074e-05
1522,6.397494384230429e-05
1523,5.539717650604459e-05
1524,4.8983716634615204e-05
1525,3.7372016535142105e-05
1526,2.36574124458655e-05
1527,1.4587499298196471e-05
1528,1.296170680825659e-05
1529,2.5012174436206402e-05
1530,4.1044113498284185e-05
1531,5.385530030477259e-05
1532,6.20234526444996e-05
1533,6.48361329425029e-05
1534,6.204357551733986e-05
1535,6.202814761810393e-05
1536,7.235182622389313e-05
1537,8.228182042477328e-05
1538,9.120909910476094e-05
1539,9.842870431009398e-05
1540,0.00010322337765014677
1541,0.00010497778503104627
1542,0.00010329716346038631
1543,9.810543441332586e-05
1544,8.970080220674359e-05
1545,7.874934768642428e-05
1546,7.235264286759024e-05
1547,6.606975638986934e-05
1548,5.727908451350072e-05
1549,4.917560567413437e-05
1550,3.7402026691946144e-05
1551,2.320553983684026e-05
1552,1.5324630969704156e-05
1553,1.4655544406383392e-05
1554,2.2852719677696198e-05
1555,3.9333169745608965e-05
1556,5.243950757669036e-05
1557,6.0814764108518826e-05
1558,6.37782173272261e-05
1559,6.115716253066172e-05
1560,5.864738533881142e-05
1561,6.859978539103251e-05
1562,7.850724370780937e-05
1563,8.776823694131575e-05
1564,9.562866062537423e-05
1565,0.00010127418004773903
1566,0.00010396055820005579
1567,0.00010315603499000403
1568,9.86690976478577e-05
1569,9.073246581300931e-05
1570,8.001120994655109e-05
1571,7.461657351182094e-05
1572,6.886933558966635e-05
1573,6.005887763654849e-05
1574,4.996197966111726e-05
1575,3.854347379972367e-05
1576,2.5209959401500948e-05
1577,1.7236398035941347e-05
1578,1.6345788801830352e-05
1579,1.8975050480901645e-05
1580,3.603008294655874e-05
1581,4.9770580073882353e-05
1582,5.879306566280995e-05
1583,6.241267682205454e-05
1584,6.0489097350319154e-05
1585,5.436461941971116e-05
1586,6.390336333608748e-05
1587,7.378346562614269e-05
1588,8.342814855949454e-05
1589,9.205080540963806e-05
1590,9.874976248519518e-05
1591,0.00010264898048456539
1592,0.00010306060776935078
1593,9.964282433394533e-05
1594,9.251818168845571e-05
1595,8.230682503970743e-05
1596,7.711835156576363e-05
1597,7.22394880593169e-05
1598,6.37356490217067e-05
1599,5.2261577892065425e-05
1600,4.0647080867595164e-05
1601,2.8391816803308156e-05
1602,1.988786038287227e-05
1603,1.8251744479919063e-05
1604,1.6083063851063395e-05
1605,3.098593381722914e-05
1606,4.567153018381065e-05
1607,5.576568556969752e-05
1608,6.0533401759294e-05
1609,5.981417639205899e-05
1610,5.4006229731951017e-05
1611,5.837319949544839e-05
1612,6.811364906206263e-05
1613,7.976239516757633e-05
1614,8.96498493736797e-05
1615,9.534893501161879e-05
1616,0.00010069564844084056
1617,0.00010266199757616445
1618,0.00010071973728714712
1619,9.482453893000509e-05
1620,8.548834672897354e-05
1621,7.947717887751837e-05
1622,7.5933954420071e-05
1623,6.822266081618622e-05
1624,5.6934854523599254e-05
1625,4.3453441860297204e-05
1626,3.2964800422308205e-05
1627,2.276171225362722e-05
1628,2.0578136273485814e-05
1629,1.741504349286882e-05
1630,2.3999513584199716e-05
1631,3.988368047461166e-05
1632,5.144013483934784e-05
1633,5.782775981996724e-05
1634,5.880364194671417e-05
1635,5.4705480731970235e-05
1636,5.218764856076974e-05
1637,6.155949094502344e-05
1638,7.485506098431349e-05
1639,8.642270857597834e-05
1640,9.317381381812595e-05
1641,9.767897885640253e-05
1642,0.0001015016224077403
1643,0.00010146265553084843
1644,9.728827948285446e-05
1645,8.929905805440952e-05
1646,8.114777910428472e-05
1647,7.952300543681567e-05
1648,7.326599081497465e-05
1649,6.277197661785916e-05
1650,4.928173406851255e-05
1651,3.749981986403417e-05
1652,2.7217832218762172e-05
1653,2.4024361192281907e-05
1654,1.9620689793192758e-05
1655,1.838056677705424e-05
1656,3.2087881067066615e-05
1657,4.543334588505421e-05
1658,5.388041512502384e-05
1659,5.702963760376156e-05
1660,5.509140431295134e-05
1661,4.877614131257313e-05
1662,5.4301944237111766e-05
1663,6.775999694472179e-05
1664,8.12064981889904e-05
1665,9.026635541117822e-05
1666,9.362624532868735e-05
1667,9.902720669313636e-05
1668,0.00010128756363639302
1669,9.93721172087847e-05
1670,9.331461585115886e-05
1671,8.379457504101295e-05
1672,8.231709949496624e-05
1673,7.833466242254672e-05
1674,6.947416823455121e-05
1675,5.675268652935439e-05
1676,4.312749326676468e-05
1677,3.3357060516048254e-05
1678,2.7692624531061583e-05
1679,2.4319513761805744e-05
1680,1.8729970296504916e-05
1681,2.1940125914471365e-05
1682,3.728280668990891e-05
1683,4.816856039230322e-05
1684,5.3955635204550045e-05
1685,5.4642931518605886e-05
1686,5.0780301173558584e-05
1687,4.669921576766489e-05
1688,5.8140405014700525e-05
1689,7.341580014980087e-05
1690,8.513509301477651e-05
1691,9.156145781349934e-05
1692,9.465054664331563e-05
1693,9.947889300607193e-05
1694,0.00010033260964245616
1695,9.687378285561099e-05
1696,8.943391210741725e-05
1697,8.332885783510213e-05
1698,8.250428132586252e-05
1699,7.634113431903566e-05
1700,6.54098437960493e-05
1701,5.119536383271783e-05
1702,4.052570345144946e-05
1703,3.033923659914728e-05
1704,2.892360767048352e-05
1705,2.3387969499327754e-05
1706,2.0314468992782553e-05
1707,2.6480068952450253e-05
1708,4.005798587924936e-05
1709,4.8909871481123135e-05
1710,5.2717406623686847e-05
1711,5.2485824759779254e-05
1712,4.685273531351841e-05
1713,4.720401264435292e-05
1714,6.253303096129259e-05
1715,7.6921516904499e-05
1716,8.690922564902337e-05
1717,9.109905854048916e-05
1718,9.527534482792199e-05
1719,9.924088747872983e-05
1720,9.902633444941467e-05
1721,9.449212565260101e-05
1722,8.620238351630949e-05
1723,8.440607936036071e-05
1724,8.210236141689697e-05
1725,7.430560178062207e-05
1726,6.198869951445918e-05
1727,4.7839010719308295e-05
1728,3.809805881996309e-05
1729,3.2221700253548535e-05
1730,2.93453167440616e-05
1731,2.3137882347312733e-05
1732,2.153105293487001e-05
1733,2.8836022996830968e-05
1734,4.1057065217342537e-05
1735,4.848575426674717e-05
1736,5.167629327967882e-05
1737,5.210265273827841e-05
1738,4.4435543005122424e-05
1739,4.8400421217009715e-05
1740,6.486005129355266e-05
1741,7.843738363824682e-05
1742,8.712913138736456e-05
1743,8.979792128852027e-05
1744,9.51214978874293e-05
1745,9.856843750416511e-05
1746,9.774961760197765e-05
1747,9.265727653348654e-05
1748,8.39943519023445e-05
1749,8.486254180592456e-05
1750,8.168307586556289e-05
1751,7.296976085505169e-05
1752,5.9926143501781715e-05
1753,4.7112303539792455e-05
1754,3.657779136317929e-05
1755,3.341206754686743e-05
1756,2.964980125202965e-05
1757,2.4422252259292954e-05
1758,2.2422460207255357e-05
1759,2.943552086087653e-05
1760,4.0866223362523435e-05
1761,4.753614860195099e-05
1762,5.214084569593602e-05
1763,5.1758543786667444e-05
1764,4.333626592661899e-05
1765,4.874966720916363e-05
1766,6.509397095180725e-05
1767,7.827727158468689e-05
1768,8.63845687519571e-05
1769,8.840036277510399e-05
1770,9.427794647806631e-05
1771,9.765392974492304e-05
1772,9.676105090755671e-05
1773,9.162793597863872e-05
1774,8.299528972224857e-05
1775,8.494986910503877e-05
1776,8.169422661352677e-05
1777,7.284435290566549e-05
1778,5.9666968892951866e-05
1779,4.7189203693981385e-05
1780,3.6478184067628705e-05
1781,3.423809855596094e-05
1782,3.0384440984937422e-05
1783,2.557123826091301e-05
1784,2.3090932982527956e-05
1785,2.8588077356089814e-05
1786,3.9862880139684975e-05
1787,4.643427828585067e-05
1788,5.1939360577041294e-05
1789,5.1902023249422724e-05
1790,4.3810975940528074e-05
1791,4.6772446091802866e-05
1792,6.32349830166079e-05
1793,7.662464438826233e-05
1794,8.499995933239357e-05
1795,8.730280160174075e-05
1796,9.273351482516623e-05
1797,9.65302727116979e-05
1798,9.612394426103399e-05
1799,9.147043498433649e-05
1800,8.324355624045321e-05
1801,8.467897399269675e-05
1802,8.226146305106985e-05
1803,7.411764734513437e-05
1804,6.14080752947832e-05
1805,4.824434998645932e-05
1806,3.803656391698773e-05
1807,3.4731661562398264e-05
1808,3.172026979136877e-05
1809,2.655936818954374e-05
1810,2.414341832973621e-05
1811,2.6364129524947266e-05
1812,3.813825873638654e-05
1813,4.5274355716523607e-05
1814,5.0937509890963684e-05
1815,5.2471928108310806e-05
1816,4.586048550622723e-05
1817,4.2380143874809484e-05
1818,5.91269489739199e-05
1819,7.334079694926166e-05
1820,8.287491621875032e-05
1821,8.646047189331263e-05
1822,9.032060325375735e-05
1823,9.50099478308486e-05
1824,9.566010486972143e-05
1825,9.20440151155888e-05
1826,8.465197115614664e-05
1827,8.36497978473627e-05
1828,8.305156831112104e-05
1829,7.657780094857958e-05
1830,6.508592541532021e-05
1831,5.030618622589578e-05
1832,4.11436722587144e-05
1833,3.443563867003285e-05
1834,3.328110532938022e-05
1835,2.719687301513951e-05
1836,2.572347071919112e-05
1837,2.46900954634921e-05
1838,3.544864813120885e-05
1839,4.3848521971562304e-05
1840,4.8419478538563876e-05
1841,5.277560355851363e-05
1842,4.894159558932465e-05
1843,4.157239569227422e-05
1844,5.241756549825838e-05
1845,6.78915930833468e-05
1846,7.939094052444862e-05
1847,8.528807216817702e-05
1848,8.672381671323559e-05
1849,9.266873246099872e-05
1850,9.490951300972217e-05
1851,9.294606924578619e-05
1852,8.695522089485763e-05
1853,8.098943774093037e-05
1854,8.315094128014122e-05
1855,7.946303406775046e-05
1856,7.022874821796532e-05
1857,5.679644771763859e-05
1858,4.517159197137133e-05
1859,3.4536558134845574e-05
1860,3.399785709090608e-05
1861,3.0815073251755365e-05
1862,2.6713609313694375e-05
1863,2.4847188308585455e-05
1864,3.117373684771718e-05
1865,4.156634552060501e-05
1866,4.715157241247381e-05
1867,5.137006567260127e-05
1868,5.1753556778944e-05
1869,4.4010114621267915e-05
1870,4.402471021111576e-05
1871,5.94467171986246e-05
1872,7.340763093274805e-05
1873,8.254774680765964e-05
1874,8.561148213784286e-05
1875,8.891048941497837e-05
1876,9.312133998742866e-05
1877,9.342006022547422e-05
1878,8.955922072753641e-05
1879,8.19902251634197e-05
1880,8.102166991227899e-05
1881,8.124609887960599e-05
1882,7.563473739807813e-05
1883,6.485184836693692e-05
1884,5.0482907898247165e-05
1885,4.110812419921839e-05
1886,3.28475935084116e-05
1887,3.294307238072003e-05
1888,2.882005953905309e-05
1889,2.632008647404649e-05
1890,2.614708141407407e-05
1891,3.735138500726709e-05
1892,4.577287385723605e-05
1893,4.919612308521004e-05
1894,5.198916922713459e-05
1895,4.977160812211223e-05
1896,4.570812364787513e-05
1897,4.760151295710169e-05
1898,6.349824975621088e-05
1899,7.63621757899624e-05
1900,8.395577307296342e-05
1901,8.523361970086407e-05
1902,8.938368307939704e-05
1903,9.23321129384369e-05
1904,9.134944799588096e-05
1905,8.632518897552788e-05
1906,7.784061666524233e-05
1907,7.957192857008244e-05
1908,7.898565175185057e-05
1909,7.26576186784178e-05
1910,6.1360143826239e-05
1911,4.6735035144657155e-05
1912,3.8641712144849016e-05
1913,3.177734834519663e-05
1914,3.200172318221228e-05
1915,2.8139607273575118e-05
1916,2.6150075737640943e-05
1917,2.9711631277740125e-05
1918,4.168883101071663e-05
1919,4.8837723783001774e-05
1920,5.0794969149864366e-05
1921,5.130209839374067e-05
1922,4.799641661154541e-05
1923,4.912289383729451e-05
1924,5.03360254525409e-05
1925,6.469708953737996e-05
1926,7.719208794196297e-05
1927,8.428610137409254e-05
1928,8.49491644246414e-05
1929,8.845543809823941e-05
1930,9.071153207296234e-05
1931,8.915914914728318e-05
1932,8.369089503959537e-05
1933,7.487273066467126e-05
1934,7.689613885392133e-05
1935,7.672508254472077e-05
1936,7.09112835314829e-05
1937,6.009436791440392e-05
1938,4.5813491958285324e-05
1939,3.795576831044922e-05
1940,3.064583122491804e-05
1941,3.110895558147697e-05
1942,2.8820809230084565e-05
1943,2.596773589458312e-05
1944,3.280309176972862e-05
1945,4.443851458701964e-05
1946,5.1136185008793245e-05
1947,5.2430796093433374e-05
1948,4.946792640483921e-05
1949,4.895728867868043e-05
1950,5.3130164046732986e-05
1951,5.337750356268489e-05
1952,6.284828203798054e-05
1953,7.575823759117806e-05
1954,8.349157505477267e-05
1955,8.483207502052448e-05
1956,8.620597516936779e-05
1957,8.830632322084919e-05
1958,8.688323814506904e-05
1959,8.170720906053308e-05
1960,7.317739116627364e-05
1961,7.250074648290639e-05
1962,7.393956199183704e-05
1963,6.99591161641977e-05
1964,6.079603775108189e-05
1965,4.768815985578545e-05
1966,3.846498767157147e-05
1967,2.9789021505022273e-05
1968,3.0850898399853444e-05
1969,2.9889968703539216e-05
1970,2.5781784831840904e-05
1971,3.338916522979685e-05
1972,4.5346757833769624e-05
1973,5.250462111958121e-05
1974,5.413042227314646e-05
1975,5.02649008260192e-05
1976,5.042531680052309e-05
1977,5.696310933880899e-05
1978,5.904153336588891e-05
1979,5.9652854680403156e-05
1980,7.125603114666035e-05
1981,8.064577231231551e-05
1982,8.401950568182048e-05
1983,8.252900342911595e-05
1984,8.480279256464773e-05
1985,8.407691368211845e-05
1986,7.99257659707675e-05
1987,7.244147285370706e-05
1988,6.522515405232854e-05
1989,6.911505354409431e-05
1990,6.828019993690426e-05
1991,6.224267894874846e-05
1992,5.164377496122419e-05
1993,3.84596786571767e-05
1994,3.317947762535023e-05
1995,2.9397944895453998e-05
1996,3.203005043941887e-05
1997,3.121986226201079e-05
1998,3.1019289051664733e-05
1999,4.3648619373365394e-05
